{"cameraMode":{"drawMode":0,"name":"Shaded","section":"Shading Mode"},"sceneLighting":true,"audioPlay":false,"sceneViewState":{"showFog":true,"showMaterialUpdate":false,"showSkybox":true,"showFlares":true,"showImageEffects":true,"showParticleSystems":true,"showVisualEffectGraphs":true,"m_FxEnabled":true},"in2DMode":false,"pivot":{"x":376.64459228515627,"y":109.28462219238281,"z":526.07666015625},"rotation":{"x":-0.11252308636903763,"y":0.028907569125294687,"z":-0.0032750568352639677,"w":-0.9932280778884888},"size":548.2874755859375,"orthographic":false}